entry,exit,dir,entry_px,exit_px,pnl_pips,r,reason
2022-04-05 13:00:00,2022-04-05 14:00:00,LONG,1.09642,1.09546,-9.6,-1.0,sl
2022-04-08 13:00:00,2022-04-08 14:00:00,LONG,1.08529,1.08747,21.8,1.84,trail
2022-04-11 16:00:00,2022-04-11 18:00:00,LONG,1.08755,1.08877,12.2,0.89,trail
2022-04-13 14:00:00,2022-04-13 15:00:00,LONG,1.08169,1.08678,50.9,4.68,trail
2022-04-14 14:00:00,2022-04-14 15:00:00,LONG,1.07707,1.0809,38.3,2.27,trail
2022-04-18 16:00:00,2022-04-18 17:00:00,LONG,1.07834,1.07749,-8.5,-1.0,sl
2022-04-22 15:00:00,2022-04-22 16:00:00,LONG,1.07761,1.0785,8.9,0.66,trail
2022-04-27 08:00:00,2022-04-27 09:00:00,LONG,1.06238,1.0612,-11.8,-1.0,sl
2022-04-27 16:00:00,2022-04-27 17:00:00,LONG,1.05454,1.05635,18.1,1.05,trail
2022-05-02 17:00:00,2022-05-02 18:00:00,LONG,1.05091,1.04949,-14.2,-1.0,sl
2022-05-03 09:00:00,2022-05-03 10:00:00,LONG,1.05,1.05167,16.7,1.34,trail
2022-05-04 11:00:00,2022-05-04 12:00:00,LONG,1.05297,1.05501,20.4,1.91,trail
2022-05-09 14:00:00,2022-05-09 15:00:00,LONG,1.05323,1.05554,23.1,1.53,trail
2022-05-13 14:00:00,2022-05-13 15:00:00,LONG,1.03639,1.04088,44.9,3.17,trail
2022-05-15 21:00:00,2022-05-15 22:00:00,LONG,1.03952,1.04073,12.1,0.92,trail
2022-05-16 14:00:00,2022-05-16 15:00:00,LONG,1.04042,1.04132,9.0,0.68,trail
2022-05-20 18:00:00,2022-05-20 19:00:00,LONG,1.05449,1.05533,8.4,0.67,trail
2022-05-27 11:00:00,2022-05-27 12:00:00,LONG,1.06985,1.07225,24.0,2.22,trail
2022-05-27 16:00:00,2022-05-27 18:00:00,LONG,1.07076,1.07254,17.8,1.34,trail
2022-06-01 14:00:00,2022-06-01 15:00:00,LONG,1.07085,1.06963,-12.2,-1.0,sl
2022-06-03 12:00:00,2022-06-03 13:00:00,LONG,1.07286,1.07475,18.9,2.15,trail
2022-06-06 08:00:00,2022-06-06 09:00:00,LONG,1.07419,1.07466,4.7,0.52,trail
2022-06-06 14:00:00,2022-06-06 15:00:00,LONG,1.0714,1.07044,-9.6,-1.0,sl
2022-06-09 13:00:00,2022-06-09 14:00:00,LONG,1.07343,1.07217,-12.6,-1.0,sl
2022-06-10 13:00:00,2022-06-10 14:00:00,LONG,1.05224,1.05076,-14.8,-1.0,sl
2022-06-13 15:00:00,2022-06-13 16:00:00,LONG,1.04213,1.04488,27.5,1.95,trail
2022-06-17 14:00:00,2022-06-17 15:00:00,LONG,1.04845,1.04668,-17.7,-1.0,sl
2022-07-01 11:00:00,2022-07-01 12:00:00,LONG,1.04506,1.04369,-13.7,-1.0,sl
2022-07-07 15:00:00,2022-07-07 16:00:00,LONG,1.01711,1.01566,-14.5,-1.0,sl
2022-07-13 13:00:00,2022-07-13 14:00:00,LONG,1.00201,1.01134,93.3,5.27,trail
2022-07-15 10:00:00,2022-07-15 11:00:00,LONG,1.00436,1.00589,15.3,1.09,trail
2022-07-20 08:00:00,2022-07-20 09:00:00,LONG,1.02255,1.02461,20.6,1.56,trail
2022-07-20 17:00:00,2022-07-20 18:00:00,LONG,1.01902,1.0172,-18.2,-1.0,sl
2022-07-25 08:00:00,2022-07-25 09:00:00,LONG,1.01928,1.02466,53.8,3.66,trail
2022-07-25 12:00:00,2022-07-25 13:00:00,LONG,1.02296,1.02464,16.8,0.98,trail
2022-07-26 09:00:00,2022-07-26 10:00:00,LONG,1.02079,1.01951,-12.8,-1.0,sl
2022-07-27 15:00:00,2022-07-27 16:00:00,LONG,1.012,1.01067,-13.3,-1.0,sl
2022-08-02 09:00:00,2022-08-02 10:00:00,LONG,1.02405,1.02266,-13.9,-1.0,sl
2022-08-03 14:00:00,2022-08-03 15:00:00,LONG,1.01696,1.01565,-13.1,-1.0,sl
2022-08-08 10:00:00,2022-08-08 11:00:00,SHORT,1.01876,1.01991,-11.5,-1.0,sl
2022-08-08 14:00:00,2022-08-08 15:00:00,SHORT,1.02013,1.02132,-11.9,-1.0,sl
2022-08-12 11:00:00,2022-08-12 12:00:00,LONG,1.02914,1.02813,-10.1,-1.0,sl
2022-08-12 16:00:00,2022-08-12 17:00:00,LONG,1.02545,1.02617,7.2,0.6,trail
2022-08-15 08:00:00,2022-08-15 09:00:00,LONG,1.0234,1.02248,-9.2,-1.0,sl
2022-08-15 12:00:00,2022-08-15 13:00:00,LONG,1.01952,1.02174,22.2,1.97,trail
2022-08-19 15:00:00,2022-08-21 23:00:00,LONG,1.00409,1.00302,-10.7,-1.0,sl
2022-08-22 09:00:00,2022-08-22 10:00:00,LONG,1.00136,1.00038,-9.8,-1.0,sl
2022-08-22 14:00:00,2022-08-22 15:00:00,LONG,0.99693,0.9958,-11.3,-1.0,sl
2022-08-24 14:00:00,2022-08-24 15:00:00,LONG,0.99176,0.99932,75.6,6.14,trail
2022-08-25 16:00:00,2022-08-25 17:00:00,LONG,0.99568,0.99672,10.4,0.68,trail
2022-08-31 08:00:00,2022-08-31 09:00:00,LONG,1.00011,0.9988,-13.1,-1.0,sl
2022-09-07 12:00:00,2022-09-07 13:00:00,LONG,0.98782,0.99137,35.5,2.64,trail
2022-09-08 16:00:00,2022-09-08 17:00:00,LONG,0.99533,0.99912,37.9,2.23,trail
2022-09-13 13:00:00,2022-09-13 14:00:00,LONG,1.00373,1.00181,-19.2,-1.0,sl
2022-09-16 09:00:00,2022-09-16 10:00:00,LONG,0.9955,0.99829,27.9,2.27,trail
2022-09-19 10:00:00,2022-09-19 11:00:00,LONG,0.99709,0.99961,25.2,2.17,trail
2022-09-23 09:00:00,2022-09-23 10:00:00,LONG,0.9753,0.97639,10.9,0.72,trail
2022-09-23 15:00:00,2022-09-23 16:00:00,LONG,0.97046,0.97151,10.5,0.59,trail
2022-09-26 08:00:00,2022-09-26 09:00:00,SHORT,0.96782,0.96538,24.4,0.97,trail
2022-09-26 13:00:00,2022-09-26 14:00:00,SHORT,0.96692,0.96481,21.1,0.81,trail
2022-09-30 13:00:00,2022-09-30 14:00:00,LONG,0.97546,0.97986,44.0,2.04,trail
2022-09-30 18:00:00,2022-10-03 01:00:00,LONG,0.97947,0.98177,23.0,1.05,trail
2022-10-03 12:00:00,2022-10-03 14:00:00,LONG,0.97681,0.98177,49.6,2.46,trail
2022-10-06 12:00:00,2022-10-06 13:00:00,LONG,0.98684,0.98528,-15.6,-1.0,sl
2022-10-06 16:00:00,2022-10-06 23:00:00,LONG,0.98045,0.97864,-18.1,-1.0,sl
2022-10-10 09:00:00,2022-10-10 10:00:00,LONG,0.96883,0.97023,14.0,1.0,trail
2022-10-10 14:00:00,2022-10-10 17:00:00,LONG,0.96999,0.97107,10.8,0.74,trail
2022-10-12 14:00:00,2022-10-12 15:00:00,LONG,0.96902,0.97021,11.9,0.8,trail
2022-10-13 08:00:00,2022-10-13 09:00:00,LONG,0.97057,0.97384,32.7,2.85,trail
2022-10-17 09:00:00,2022-10-17 10:00:00,LONG,0.97385,0.9763,24.5,1.62,trail
2022-10-17 13:00:00,2022-10-17 14:00:00,LONG,0.97753,0.98105,35.2,2.09,trail
2022-10-19 09:00:00,2022-10-19 10:00:00,LONG,0.98169,0.98042,-12.7,-1.0,sl
2022-10-20 09:00:00,2022-10-20 10:00:00,LONG,0.97818,0.98013,19.5,1.71,trail
2022-10-24 15:00:00,2022-10-24 16:00:00,LONG,0.98852,0.98635,-21.7,-1.0,sl
2022-10-28 08:00:00,2022-10-28 09:00:00,LONG,0.99457,0.99572,11.5,0.78,trail
2022-10-28 16:00:00,2022-10-28 18:00:00,LONG,0.99335,0.99482,14.7,0.83,trail
2022-10-31 08:00:00,2022-10-31 09:00:00,LONG,0.99291,0.99423,13.2,1.03,trail
2022-10-31 14:00:00,2022-10-31 15:00:00,LONG,0.98898,0.98756,-14.2,-1.0,sl
2022-11-02 10:00:00,2022-11-02 11:00:00,LONG,0.99049,0.98932,-11.7,-1.0,sl
2022-11-02 17:00:00,2022-11-02 18:00:00,LONG,0.98672,0.99692,102.0,7.84,trail
2022-11-09 14:00:00,2022-11-09 15:00:00,LONG,1.00289,1.00795,50.6,3.86,trail
2022-11-10 08:00:00,2022-11-10 09:00:00,LONG,0.99974,0.99847,-12.7,-1.0,sl
2022-11-14 11:00:00,2022-11-14 12:00:00,LONG,1.02926,1.03271,34.5,1.96,trail
2022-11-15 08:00:00,2022-11-15 09:00:00,LONG,1.04069,1.0391,-15.9,-1.0,sl
2022-11-17 10:00:00,2022-11-17 11:00:00,LONG,1.03635,1.03483,-15.2,-1.0,sl
2022-11-21 10:00:00,2022-11-21 11:00:00,LONG,1.02267,1.02387,12.0,0.8,trail
2022-11-22 11:00:00,2022-11-22 12:00:00,LONG,1.02802,1.02685,-11.7,-1.0,sl
2022-11-22 18:00:00,2022-11-22 23:00:00,LONG,1.02956,1.03041,8.5,0.66,trail
2022-11-30 15:00:00,2022-11-30 16:00:00,LONG,1.03853,1.03696,-15.7,-1.0,sl
2022-12-02 14:00:00,2022-12-02 16:00:00,LONG,1.0462,1.05161,54.1,2.79,trail
2022-12-05 16:00:00,2022-12-05 17:00:00,LONG,1.05249,1.05061,-18.8,-1.0,sl
2022-12-08 10:00:00,2022-12-08 11:00:00,LONG,1.04944,1.05075,13.1,1.0,trail
2022-12-09 14:00:00,2022-12-09 15:00:00,LONG,1.05386,1.05513,12.7,0.93,trail
2022-12-12 11:00:00,2022-12-12 13:00:00,SHORT,1.05644,1.05765,-12.1,-1.0,sl
2022-12-14 10:00:00,2022-12-14 11:00:00,LONG,1.06619,1.06491,-12.8,-1.0,sl
2022-12-16 16:00:00,2022-12-16 19:00:00,LONG,1.06167,1.05999,-16.8,-1.0,sl
2022-12-21 15:00:00,2022-12-21 17:00:00,LONG,1.06039,1.05912,-12.7,-1.0,sl
2022-12-22 16:00:00,2022-12-22 17:00:00,LONG,1.06015,1.05877,-13.8,-1.0,sl
2022-12-28 15:00:00,2022-12-28 16:00:00,LONG,1.06576,1.06469,-10.7,-1.0,sl
2022-12-28 21:00:00,2022-12-28 23:00:00,LONG,1.06077,1.06234,15.7,1.36,trail
2023-01-02 15:00:00,2023-01-02 16:00:00,LONG,1.06723,1.06607,-11.6,-1.0,sl
2023-01-04 08:00:00,2023-01-04 09:00:00,LONG,1.05938,1.06236,29.8,2.36,trail
2023-01-06 12:00:00,2023-01-06 13:00:00,LONG,1.04942,1.05394,45.2,4.1,trail
2023-01-11 15:00:00,2023-01-11 16:00:00,LONG,1.07697,1.07586,-11.1,-1.0,sl
2023-01-13 14:00:00,2023-01-13 15:00:00,LONG,1.07937,1.08315,37.8,2.67,trail
2023-01-16 09:00:00,2023-01-16 10:00:00,LONG,1.08031,1.08269,23.8,1.86,trail
2023-01-16 13:00:00,2023-01-16 15:00:00,LONG,1.08149,1.08229,8.0,0.65,trail
2023-01-20 14:00:00,2023-01-20 15:00:00,LONG,1.08063,1.08417,35.4,2.95,trail
2023-01-26 13:00:00,2023-01-26 14:00:00,LONG,1.08925,1.09124,19.9,2.03,trail
2023-01-27 14:00:00,2023-01-27 15:00:00,LONG,1.0862,1.0874,12.0,1.2,trail
2023-02-03 14:00:00,2023-02-03 15:00:00,LONG,1.08396,1.08671,27.5,1.54,trail
2023-02-03 19:00:00,2023-02-05 22:00:00,LONG,1.08117,1.07915,-20.2,-1.0,sl
2023-02-06 15:00:00,2023-02-06 16:00:00,LONG,1.07445,1.07307,-13.8,-1.0,sl
2023-02-07 14:00:00,2023-02-07 15:00:00,LONG,1.06951,1.06844,-10.7,-1.0,sl
2023-02-08 21:00:00,2023-02-09 01:00:00,LONG,1.07136,1.07201,6.5,0.57,trail
2023-02-13 13:00:00,2023-02-13 14:00:00,LONG,1.06904,1.0702,11.6,1.22,trail
2023-02-16 14:00:00,2023-02-16 15:00:00,LONG,1.06791,1.06678,-11.3,-1.0,sl
2023-02-16 21:00:00,2023-02-17 00:00:00,LONG,1.06735,1.06613,-12.2,-1.0,sl
2023-02-23 16:00:00,2023-02-23 17:00:00,LONG,1.05969,1.05859,-11.0,-1.0,sl
2023-02-24 12:00:00,2023-02-24 13:00:00,LONG,1.05794,1.05707,-8.7,-1.0,sl
2023-02-27 08:00:00,2023-02-27 13:00:00,LONG,1.05478,1.05701,22.3,2.5,tp
2023-03-02 09:00:00,2023-03-02 10:00:00,LONG,1.06382,1.06291,-9.1,-1.0,sl
2023-03-02 14:00:00,2023-03-02 15:00:00,LONG,1.05859,1.06088,22.9,2.03,trail
2023-03-06 14:00:00,2023-03-06 15:00:00,LONG,1.06545,1.06845,30.0,3.04,trail
2023-03-06 18:00:00,2023-03-06 19:00:00,SHORT,1.06848,1.06737,11.1,1.0,trail
2023-03-07 16:00:00,2023-03-07 17:00:00,LONG,1.05853,1.05718,-13.5,-1.0,sl
2023-03-07 21:00:00,2023-03-08 02:00:00,LONG,1.05505,1.05372,-13.3,-1.0,sl
2023-03-13 08:00:00,2023-03-13 09:00:00,SHORT,1.07253,1.06707,54.6,3.24,trail
2023-03-17 17:00:00,2023-03-17 18:00:00,LONG,1.06673,1.06785,11.2,0.83,trail
2023-03-20 13:00:00,2023-03-20 14:00:00,SHORT,1.07052,1.07193,-14.1,-1.0,sl
2023-03-22 09:00:00,2023-03-22 10:00:00,LONG,1.07801,1.07909,10.8,1.39,trail
2023-03-24 09:00:00,2023-03-24 10:00:00,LONG,1.07799,1.07671,-12.8,-1.0,sl
2023-03-31 08:00:00,2023-03-31 10:00:00,LONG,1.08846,1.0874,-10.6,-1.0,sl
2023-04-07 14:00:00,2023-04-07 15:00:00,LONG,1.08987,1.09117,13.0,1.7,trail
2023-04-07 19:00:00,2023-04-07 20:00:00,LONG,1.09058,1.08989,-6.9,-1.0,sl
2023-04-10 12:00:00,2023-04-10 13:00:00,LONG,1.08887,1.08818,-6.9,-1.0,sl
2023-04-10 16:00:00,2023-04-10 17:00:00,LONG,1.08391,1.08527,13.6,1.53,trail
2023-04-13 09:00:00,2023-04-13 10:00:00,LONG,1.10145,1.10221,7.6,0.83,trail
2023-04-14 16:00:00,2023-04-14 18:00:00,LONG,1.09789,1.09929,14.0,1.17,trail
2023-04-17 13:00:00,2023-04-17 14:00:00,LONG,1.09536,1.0943,-10.6,-1.0,sl
2023-04-20 09:00:00,2023-04-20 10:00:00,LONG,1.09712,1.09629,-8.3,-1.0,sl
2023-04-20 15:00:00,2023-04-20 16:00:00,LONG,1.09793,1.09678,-11.5,-1.0,sl
2023-04-27 12:00:00,2023-04-27 13:00:00,LONG,1.10344,1.10242,-10.2,-1.0,sl
2023-04-28 09:00:00,2023-04-28 11:00:00,LONG,1.0991,1.09791,-11.9,-1.0,sl
2023-05-01 13:00:00,2023-05-01 14:00:00,LONG,1.10328,1.10235,-9.3,-1.0,sl
2023-05-02 10:00:00,2023-05-02 13:00:00,LONG,1.09526,1.09424,-10.2,-1.0,sl
2023-05-05 12:00:00,2023-05-05 13:00:00,LONG,1.10092,1.09988,-10.4,-1.0,sl
2023-05-10 12:00:00,2023-05-10 13:00:00,LONG,1.09489,1.10025,53.6,7.13,trail
2023-05-12 08:00:00,2023-05-12 09:00:00,LONG,1.09076,1.0913,5.4,0.64,trail
2023-05-15 11:00:00,2023-05-15 12:00:00,LONG,1.08779,1.0887,9.1,1.19,trail
2023-05-16 08:00:00,2023-05-16 09:00:00,LONG,1.08884,1.09012,12.8,1.87,trail
2023-05-19 08:00:00,2023-05-19 09:00:00,LONG,1.07773,1.08001,22.8,2.8,trail
2023-05-22 16:00:00,2023-05-22 17:00:00,LONG,1.08051,1.08157,10.6,1.12,trail
2023-05-23 08:00:00,2023-05-23 09:00:00,LONG,1.08033,1.07958,-7.5,-1.0,sl
2023-05-24 10:00:00,2023-05-24 11:00:00,LONG,1.07736,1.07662,-7.4,-1.0,sl
2023-05-31 15:00:00,2023-05-31 16:00:00,LONG,1.06611,1.06507,-10.4,-1.0,sl
2023-06-02 16:00:00,2023-06-02 17:00:00,LONG,1.0723,1.07123,-10.7,-1.0,sl
2023-06-05 12:00:00,2023-06-05 13:00:00,LONG,1.06895,1.06821,-7.4,-1.0,sl
2023-06-06 12:00:00,2023-06-06 14:00:00,LONG,1.06771,1.06868,9.7,1.13,trail
2023-06-09 20:00:00,2023-06-11 23:00:00,LONG,1.07441,1.07479,3.8,0.52,trail
2023-06-16 15:00:00,2023-06-16 17:00:00,LONG,1.09252,1.09336,8.4,0.71,trail
2023-06-19 14:00:00,2023-06-19 15:00:00,LONG,1.09183,1.09249,6.6,0.83,trail
2023-06-21 12:00:00,2023-06-21 13:00:00,LONG,1.09241,1.09167,-7.4,-1.0,sl
2023-06-23 09:00:00,2023-06-23 10:00:00,LONG,1.0849,1.08668,17.8,1.67,trail
2023-06-26 12:00:00,2023-06-26 13:00:00,LONG,1.09176,1.09095,-8.1,-1.0,sl
2023-06-27 11:00:00,2023-06-27 12:00:00,LONG,1.09514,1.0968,16.6,2.11,trail
2023-06-30 08:00:00,2023-06-30 09:00:00,LONG,1.08562,1.08479,-8.3,-1.0,sl
2023-07-03 08:00:00,2023-07-03 09:00:00,LONG,1.08748,1.08875,12.7,1.53,trail
2023-07-03 15:00:00,2023-07-03 16:00:00,SHORT,1.09066,1.09169,-10.3,-1.0,sl
2023-07-07 13:00:00,2023-07-07 14:00:00,LONG,1.09118,1.09482,36.4,3.22,trail
2023-07-07 18:00:00,2023-07-10 03:00:00,SHORT,1.09675,1.09589,8.6,0.7,trail
2023-07-10 16:00:00,2023-07-10 18:00:00,LONG,1.09899,1.09947,4.8,0.52,trail
2023-07-13 14:00:00,2023-07-13 16:00:00,LONG,1.11943,1.12035,9.2,0.9,trail
2023-07-14 16:00:00,2023-07-14 20:00:00,LONG,1.12356,1.12251,-10.5,-1.0,sl
2023-07-17 08:00:00,2023-07-17 09:00:00,LONG,1.12448,1.12367,-8.1,-1.0,sl
2023-07-17 14:00:00,2023-07-17 15:00:00,LONG,1.12213,1.12332,11.9,1.29,trail
2023-07-21 15:00:00,2023-07-21 16:00:00,LONG,1.11134,1.11208,7.4,0.83,trail
2023-07-21 20:00:00,2023-07-24 04:00:00,LONG,1.11256,1.11177,-7.9,-1.0,sl
2023-07-24 08:00:00,2023-07-24 09:00:00,LONG,1.10811,1.10866,5.5,0.53,trail
2023-07-24 15:00:00,2023-07-24 19:00:00,LONG,1.10792,1.10669,-12.3,-1.0,sl
2023-07-28 14:00:00,2023-07-28 15:00:00,LONG,1.10172,1.10323,15.1,0.98,trail
2023-07-31 17:00:00,2023-07-31 19:00:00,LONG,1.10069,1.09954,-11.5,-1.0,sl
2023-08-03 14:00:00,2023-08-03 15:00:00,LONG,1.09184,1.09489,30.5,2.7,trail
2023-08-11 16:00:00,2023-08-11 17:00:00,LONG,1.09563,1.09431,-13.2,-1.0,sl
2023-08-13 21:00:00,2023-08-14 00:00:00,LONG,1.09493,1.09377,-11.6,-1.0,sl
2023-08-14 14:00:00,2023-08-14 15:00:00,LONG,1.08814,1.09198,38.4,3.3,trail
2023-08-18 11:00:00,2023-08-18 12:00:00,LONG,1.08631,1.08547,-8.4,-1.0,sl
2023-08-20 21:00:00,2023-08-20 22:00:00,LONG,1.08672,1.08745,7.3,0.9,trail
2023-08-21 09:00:00,2023-08-21 10:00:00,LONG,1.08861,1.09008,14.7,2.12,trail
2023-08-25 15:00:00,2023-08-25 16:00:00,LONG,1.07716,1.07932,21.6,1.57,trail
2023-08-28 16:00:00,2023-08-28 19:00:00,LONG,1.08089,1.08152,6.3,0.7,trail
2023-09-01 12:00:00,2023-09-01 13:00:00,LONG,1.08332,1.08765,43.3,4.71,trail
2023-09-01 16:00:00,2023-09-04 07:00:00,LONG,1.07865,1.07993,12.8,0.86,trail
2023-09-04 12:00:00,2023-09-04 14:00:00,SHORT,1.08002,1.07876,12.6,1.42,trail
2023-09-07 09:00:00,2023-09-07 11:00:00,LONG,1.07105,1.07036,-6.9,-1.0,sl
2023-09-07 19:00:00,2023-09-08 00:00:00,LONG,1.06941,1.07107,16.6,2.0,trail
2023-09-14 10:00:00,2023-09-14 11:00:00,LONG,1.07283,1.07338,5.5,0.77,trail
2023-09-14 14:00:00,2023-09-14 16:00:00,LONG,1.06643,1.06518,-12.5,-1.0,sl
2023-09-18 13:00:00,2023-09-18 14:00:00,LONG,1.06568,1.06719,15.1,2.12,trail
2023-09-22 12:00:00,2023-09-22 13:00:00,LONG,1.06363,1.06573,21.0,2.15,trail
2023-09-22 20:00:00,2023-09-25 00:00:00,LONG,1.06436,1.06507,7.1,0.74,trail
2023-09-25 10:00:00,2023-09-25 11:00:00,LONG,1.06347,1.06394,4.7,0.57,trail
2023-09-25 14:00:00,2023-09-25 15:00:00,LONG,1.0602,1.05927,-9.3,-1.0,sl
2023-09-27 11:00:00,2023-09-27 12:00:00,LONG,1.05541,1.0547,-7.1,-1.0,sl
2023-09-27 15:00:00,2023-09-27 17:00:00,LONG,1.05087,1.04993,-9.4,-1.0,sl
2023-10-02 14:00:00,2023-10-02 15:00:00,LONG,1.0516,1.05063,-9.7,-1.0,sl
2023-10-03 16:00:00,2023-10-04 07:00:00,LONG,1.04524,1.04801,27.7,2.5,tp
2023-10-06 13:00:00,2023-10-06 14:00:00,LONG,1.04965,1.05264,29.9,2.5,tp
2023-10-09 10:00:00,2023-10-09 17:00:00,LONG,1.05335,1.05648,31.3,2.5,tp
2023-10-12 14:00:00,2023-10-12 16:00:00,LONG,1.05494,1.05552,5.8,0.51,trail
2023-10-12 19:00:00,2023-10-13 01:00:00,LONG,1.05267,1.05376,10.9,0.98,trail
2023-10-16 14:00:00,2023-10-16 15:00:00,LONG,1.05298,1.05483,18.5,2.15,trail
2023-10-18 12:00:00,2023-10-18 13:00:00,LONG,1.05606,1.05513,-9.3,-1.0,sl
2023-10-18 16:00:00,2023-10-18 17:00:00,LONG,1.05312,1.05481,16.9,1.55,trail
2023-10-23 13:00:00,2023-10-23 14:00:00,SHORT,1.06099,1.0619,-9.1,-1.0,sl
2023-10-25 11:00:00,2023-10-25 13:00:00,LONG,1.05744,1.05787,4.3,0.55,trail
2023-11-01 10:00:00,2023-11-01 12:00:00,LONG,1.05493,1.05405,-8.8,-1.0,sl
2023-11-01 14:00:00,2023-11-01 15:00:00,LONG,1.0531,1.05545,23.5,2.53,trail
2023-11-09 11:00:00,2023-11-09 13:00:00,LONG,1.06866,1.07052,18.6,2.66,trail
2023-11-09 20:00:00,2023-11-10 07:00:00,LONG,1.06673,1.06567,-10.6,-1.0,sl
2023-11-13 13:00:00,2023-11-13 15:00:00,LONG,1.0673,1.06889,15.9,2.12,trail
2023-11-13 17:00:00,2023-11-13 18:00:00,LONG,1.06991,1.06909,-8.2,-1.0,sl
2023-11-16 16:00:00,2023-11-16 17:00:00,LONG,1.08782,1.0866,-12.2,-1.0,sl
2023-11-17 08:00:00,2023-11-17 10:00:00,LONG,1.08385,1.08607,22.2,2.5,tp
2023-11-22 14:00:00,2023-11-22 15:00:00,LONG,1.08963,1.08863,-10.0,-1.0,sl
2023-11-24 09:00:00,2023-11-24 10:00:00,LONG,1.09187,1.09128,-5.9,-1.0,sl
2023-11-27 15:00:00,2023-11-27 16:00:00,LONG,1.0928,1.09337,5.7,0.73,trail
2023-11-28 14:00:00,2023-11-28 15:00:00,LONG,1.09721,1.09981,26.0,3.44,trail
2023-12-01 15:00:00,2023-12-01 16:00:00,LONG,1.0844,1.08799,35.9,3.24,trail
2023-12-04 14:00:00,2023-12-04 15:00:00,LONG,1.08544,1.08436,-10.8,-1.0,sl
2023-12-07 14:00:00,2023-12-07 15:00:00,LONG,1.07902,1.07807,-9.5,-1.0,sl
2023-12-08 14:00:00,2023-12-08 15:00:00,LONG,1.07469,1.07804,33.5,3.22,trail
2023-12-11 15:00:00,2023-12-11 16:00:00,LONG,1.0753,1.07441,-8.9,-1.0,sl
2023-12-13 11:00:00,2023-12-13 12:00:00,LONG,1.07776,1.0786,8.4,1.18,trail
2023-12-15 14:00:00,2023-12-15 16:00:00,LONG,1.09164,1.0903,-13.4,-1.0,sl
2023-12-18 16:00:00,2023-12-18 17:00:00,LONG,1.0914,1.09236,9.6,1.13,trail
2023-12-19 09:00:00,2023-12-19 11:00:00,LONG,1.09407,1.09336,-7.1,-1.0,sl
2023-12-22 11:00:00,2023-12-22 12:00:00,LONG,1.1019,1.1034,15.0,1.9,trail
2023-12-26 18:00:00,2023-12-26 19:00:00,LONG,1.10349,1.10415,6.6,1.01,trail
2023-12-27 10:00:00,2023-12-27 12:00:00,LONG,1.10543,1.10671,12.8,2.25,trail
2024-01-04 08:00:00,2024-01-04 09:00:00,LONG,1.09375,1.0965,27.5,3.43,trail
2024-01-05 09:00:00,2024-01-05 11:00:00,LONG,1.09075,1.09138,6.3,0.84,trail
2024-01-08 15:00:00,2024-01-08 16:00:00,LONG,1.09602,1.09741,13.9,1.52,trail
2024-01-10 10:00:00,2024-01-10 11:00:00,LONG,1.0947,1.09515,4.5,0.6,trail
2024-01-11 11:00:00,2024-01-11 12:00:00,LONG,1.09689,1.0987,18.1,2.66,trail
2024-01-15 15:00:00,2024-01-15 16:00:00,LONG,1.09433,1.09483,5.0,0.62,trail
2024-01-17 14:00:00,2024-01-17 15:00:00,LONG,1.08639,1.08544,-9.5,-1.0,sl
2024-01-19 16:00:00,2024-01-19 17:00:00,LONG,1.08824,1.0889,6.6,0.78,trail
2024-01-22 16:00:00,2024-01-22 17:00:00,LONG,1.08851,1.08963,11.2,1.5,trail
2024-01-25 15:00:00,2024-01-25 16:00:00,LONG,1.086,1.0851,-9.0,-1.0,sl
2024-01-26 08:00:00,2024-01-26 09:00:00,LONG,1.08193,1.08466,27.3,3.52,trail
2024-01-29 15:00:00,2024-01-29 16:00:00,LONG,1.08068,1.07991,-7.7,-1.0,sl
2024-02-02 14:00:00,2024-02-02 15:00:00,LONG,1.08071,1.07955,-11.6,-1.0,sl
2024-02-02 19:00:00,2024-02-04 23:00:00,LONG,1.07882,1.07761,-12.1,-1.0,sl
2024-02-05 16:00:00,2024-02-05 17:00:00,LONG,1.07252,1.07383,13.1,1.45,trail
2024-02-06 14:00:00,2024-02-06 15:00:00,LONG,1.07304,1.07444,14.0,1.8,trail
2024-02-09 13:00:00,2024-02-09 14:00:00,LONG,1.07671,1.07921,25.0,4.13,trail
2024-02-12 14:00:00,2024-02-12 15:00:00,LONG,1.07638,1.07688,5.0,0.69,trail
2024-02-14 09:00:00,2024-02-14 11:00:00,LONG,1.07021,1.07069,4.8,0.69,trail
2024-02-14 15:00:00,2024-02-14 16:00:00,LONG,1.0716,1.07307,14.7,2.02,trail
2024-02-19 16:00:00,2024-02-19 17:00:00,LONG,1.07673,1.07732,5.9,0.95,trail
2024-02-21 12:00:00,2024-02-21 13:00:00,LONG,1.0799,1.08085,9.5,1.63,trail
2024-02-22 16:00:00,2024-02-22 17:00:00,LONG,1.08101,1.08192,9.1,0.94,trail
2024-02-29 13:00:00,2024-02-29 14:00:00,LONG,1.08287,1.08468,18.1,2.58,trail
2024-03-01 15:00:00,2024-03-01 16:00:00,LONG,1.08,1.0833,33.0,4.31,trail
2024-03-04 15:00:00,2024-03-04 16:00:00,LONG,1.08596,1.08632,3.6,0.51,trail
2024-03-05 15:00:00,2024-03-05 16:00:00,LONG,1.08454,1.08693,23.9,4.52,trail
2024-03-07 13:00:00,2024-03-07 14:00:00,LONG,1.08943,1.09164,22.1,3.72,trail
2024-03-11 13:00:00,2024-03-11 14:00:00,LONG,1.09295,1.09229,-6.6,-1.0,sl
2024-03-15 10:00:00,2024-03-15 11:00:00,LONG,1.0898,1.08926,-5.4,-1.0,sl
2024-03-15 14:00:00,2024-03-18 07:00:00,LONG,1.0886,1.08936,7.6,1.3,trail
2024-03-18 12:00:00,2024-03-18 13:00:00,LONG,1.09023,1.08978,-4.5,-1.0,sl
2024-03-21 16:00:00,2024-03-22 01:00:00,LONG,1.08603,1.08502,-10.1,-1.0,sl
2024-03-22 09:00:00,2024-03-22 10:00:00,LONG,1.08117,1.08176,5.9,0.76,trail
2024-03-25 12:00:00,2024-03-25 13:00:00,LONG,1.08282,1.08346,6.4,0.99,trail
2024-03-27 15:00:00,2024-03-27 16:00:00,LONG,1.08145,1.08229,8.4,1.47,trail
2024-03-28 08:00:00,2024-03-28 09:00:00,LONG,1.08008,1.07953,-5.5,-1.0,sl
2024-04-01 13:00:00,2024-04-01 14:00:00,LONG,1.07817,1.07765,-5.2,-1.0,sl
2024-04-04 20:00:00,2024-04-04 21:00:00,LONG,1.08336,1.08378,4.2,0.61,trail
2024-04-05 14:00:00,2024-04-05 15:00:00,LONG,1.08011,1.08392,38.1,4.53,trail
2024-04-08 12:00:00,2024-04-08 13:00:00,LONG,1.08237,1.085,26.3,3.94,trail
2024-04-11 10:00:00,2024-04-11 12:00:00,LONG,1.0731,1.07431,12.1,1.61,trail
2024-04-11 14:00:00,2024-04-11 15:00:00,LONG,1.07347,1.07256,-9.1,-1.0,sl
2024-04-15 14:00:00,2024-04-15 15:00:00,LONG,1.0637,1.06281,-8.9,-1.0,sl
2024-04-18 16:00:00,2024-04-18 17:00:00,LONG,1.06599,1.06519,-8.0,-1.0,sl
2024-04-18 21:00:00,2024-04-19 01:00:00,LONG,1.06423,1.06351,-7.2,-1.0,sl
2024-04-22 11:00:00,2024-04-22 12:00:00,LONG,1.06505,1.06429,-7.6,-1.0,sl
2024-04-22 17:00:00,2024-04-22 18:00:00,SHORT,1.06487,1.06565,-7.8,-1.0,sl
2024-04-26 14:00:00,2024-04-26 15:00:00,LONG,1.07072,1.06982,-9.0,-1.0,sl
2024-05-02 15:00:00,2024-05-02 16:00:00,LONG,1.06882,1.07165,28.3,2.8,trail
2024-05-03 12:00:00,2024-05-03 13:00:00,LONG,1.07456,1.07929,47.3,7.2,trail
2024-05-09 09:00:00,2024-05-09 10:00:00,LONG,1.07281,1.07361,8.0,1.7,trail
2024-05-12 21:00:00,2024-05-13 02:00:00,LONG,1.07721,1.07662,-5.9,-1.0,sl
2024-05-13 10:00:00,2024-05-13 11:00:00,LONG,1.07826,1.07919,9.3,1.84,trail
2024-05-14 11:00:00,2024-05-14 12:00:00,LONG,1.07964,1.08082,11.8,2.62,trail
2024-05-16 14:00:00,2024-05-16 15:00:00,LONG,1.08562,1.08723,16.1,2.36,trail
2024-05-20 12:00:00,2024-05-20 13:00:00,LONG,1.08602,1.08647,4.5,0.85,trail
2024-05-20 16:00:00,2024-05-20 17:00:00,LONG,1.08606,1.08679,7.3,1.34,trail
2024-05-21 10:00:00,2024-05-21 11:00:00,LONG,1.08722,1.08677,-4.5,-1.0,sl
2024-05-22 09:00:00,2024-05-22 10:00:00,LONG,1.08484,1.08434,-5.0,-1.0,sl
2024-05-27 11:00:00,2024-05-27 12:00:00,LONG,1.08626,1.08574,-5.2,-1.0,sl
2024-05-29 15:00:00,2024-05-29 18:00:00,LONG,1.08145,1.0806,-8.5,-1.0,sl
2024-05-30 13:00:00,2024-05-30 14:00:00,LONG,1.08293,1.08408,11.5,1.62,trail
2024-06-03 10:00:00,2024-06-03 11:00:00,LONG,1.08348,1.08414,6.6,0.97,trail
2024-06-03 15:00:00,2024-06-03 16:00:00,LONG,1.087,1.08864,16.4,2.07,trail
2024-06-05 15:00:00,2024-06-05 16:00:00,LONG,1.08663,1.08593,-7.0,-1.0,sl
2024-06-07 12:00:00,2024-06-07 13:00:00,LONG,1.08984,1.08923,-6.1,-1.0,sl
2024-06-10 15:00:00,2024-06-10 16:00:00,LONG,1.07337,1.07539,20.2,2.13,trail
2024-06-13 14:00:00,2024-06-13 15:00:00,LONG,1.07874,1.07781,-9.3,-1.0,sl
2024-06-14 14:00:00,2024-06-14 15:00:00,LONG,1.0669,1.0695,26.0,2.69,trail
2024-06-17 09:00:00,2024-06-17 11:00:00,LONG,1.07072,1.07142,7.0,0.97,trail
2024-06-17 14:00:00,2024-06-17 15:00:00,LONG,1.07161,1.07212,5.1,0.75,trail
2024-06-20 08:00:00,2024-06-20 09:00:00,LONG,1.07246,1.07202,-4.4,-1.0,sl
2024-06-20 16:00:00,2024-06-20 18:00:00,LONG,1.07072,1.07144,7.2,1.08,trail
2024-06-24 09:00:00,2024-06-24 10:00:00,SHORT,1.07134,1.07194,-6.0,-1.0,sl
2024-06-24 15:00:00,2024-06-24 17:00:00,SHORT,1.073,1.07255,4.5,0.65,trail
2024-06-25 10:00:00,2024-06-25 11:00:00,LONG,1.07245,1.07192,-5.3,-1.0,sl
2024-06-25 14:00:00,2024-06-25 15:00:00,LONG,1.07025,1.07062,3.7,0.6,trail
2024-07-01 18:00:00,2024-07-01 19:00:00,LONG,1.07292,1.07346,5.4,0.58,trail
2024-07-02 11:00:00,2024-07-02 12:00:00,LONG,1.07172,1.07302,13.0,2.0,trail
2024-07-05 10:00:00,2024-07-05 11:00:00,LONG,1.08264,1.08223,-4.1,-1.0,sl
2024-07-08 09:00:00,2024-07-08 10:00:00,SHORT,1.08382,1.08272,11.0,1.48,trail
2024-07-08 14:00:00,2024-07-08 15:00:00,SHORT,1.08411,1.08347,6.4,0.89,trail
2024-07-10 12:00:00,2024-07-10 13:00:00,LONG,1.08255,1.08205,-5.0,-1.0,sl
2024-07-12 09:00:00,2024-07-12 12:00:00,LONG,1.08867,1.08805,-6.2,-1.0,sl
2024-07-15 11:00:00,2024-07-15 12:00:00,SHORT,1.09097,1.09051,4.6,0.74,trail
2024-07-15 16:00:00,2024-07-15 17:00:00,SHORT,1.09118,1.08964,15.4,2.4,trail
2024-07-16 14:00:00,2024-07-16 17:00:00,LONG,1.08832,1.0889,5.8,0.89,trail
2024-07-21 21:00:00,2024-07-21 22:00:00,LONG,1.08861,1.08975,11.4,2.18,trail
2024-07-22 13:00:00,2024-07-22 14:00:00,LONG,1.08779,1.08827,4.8,0.85,trail
2024-07-24 08:00:00,2024-07-24 09:00:00,LONG,1.0829,1.08384,9.4,1.65,trail
2024-07-29 14:00:00,2024-07-29 15:00:00,LONG,1.08118,1.08207,8.9,1.4,trail
2024-07-30 10:00:00,2024-07-30 11:00:00,LONG,1.08317,1.08264,-5.3,-1.0,sl
2024-07-31 11:00:00,2024-07-31 12:00:00,LONG,1.08331,1.08448,11.7,1.9,trail
2024-08-05 09:00:00,2024-08-05 10:00:00,LONG,1.09511,1.09379,-13.2,-1.0,sl
2024-08-09 13:00:00,2024-08-09 14:00:00,LONG,1.09117,1.09284,16.7,2.84,trail
2024-08-11 21:00:00,2024-08-12 00:00:00,LONG,1.09142,1.0917,2.8,0.52,trail
2024-08-12 10:00:00,2024-08-12 11:00:00,LONG,1.09268,1.09217,-5.1,-1.0,sl
2024-08-12 15:00:00,2024-08-12 16:00:00,LONG,1.09312,1.09249,-6.3,-1.0,sl
2024-08-16 10:00:00,2024-08-16 13:00:00,LONG,1.09898,1.10015,11.7,2.05,trail
2024-08-18 21:00:00,2024-08-18 22:00:00,SHORT,1.10265,1.10329,-6.4,-1.0,sl
2024-08-20 14:00:00,2024-08-20 15:00:00,LONG,1.11021,1.11087,6.6,1.02,trail
2024-08-21 16:00:00,2024-08-21 17:00:00,LONG,1.11421,1.11539,11.8,1.33,trail
2024-08-26 14:00:00,2024-08-26 15:00:00,LONG,1.11596,1.1173,13.4,1.77,trail
2024-08-30 15:00:00,2024-08-30 16:00:00,LONG,1.10685,1.10592,-9.3,-1.0,sl
2024-09-01 21:00:00,2024-09-02 08:00:00,LONG,1.10462,1.10726,26.4,3.0,tp
2024-09-06 14:00:00,2024-09-06 15:00:00,LONG,1.10832,1.11293,46.1,4.06,trail
2024-09-08 21:00:00,2024-09-08 22:00:00,LONG,1.10781,1.10843,6.2,0.5,trail
2024-09-09 09:00:00,2024-09-09 10:00:00,LONG,1.10476,1.10524,4.8,0.57,trail
2024-09-09 15:00:00,2024-09-09 17:00:00,LONG,1.1042,1.10492,7.2,0.83,trail
2024-09-12 13:00:00,2024-09-12 14:00:00,LONG,1.10251,1.10436,18.5,2.63,trail
2024-09-15 21:00:00,2024-09-15 22:00:00,LONG,1.10757,1.1084,8.3,1.28,trail
2024-09-16 08:00:00,2024-09-16 09:00:00,SHORT,1.11149,1.11213,-6.4,-1.0,sl
2024-09-16 13:00:00,2024-09-16 15:00:00,SHORT,1.11249,1.112,4.9,0.71,trail
2024-09-17 08:00:00,2024-09-17 12:00:00,LONG,1.11361,1.11297,-6.4,-1.0,sl
2024-09-20 13:00:00,2024-09-20 14:00:00,LONG,1.11743,1.11664,-7.9,-1.0,sl
2024-09-23 08:00:00,2024-09-23 09:00:00,LONG,1.11012,1.10923,-8.9,-1.0,sl
2024-09-25 15:00:00,2024-09-25 16:00:00,LONG,1.11727,1.11638,-8.9,-1.0,sl
2024-10-02 13:00:00,2024-10-02 14:00:00,LONG,1.10537,1.10446,-9.1,-1.0,sl
2024-10-03 13:00:00,2024-10-03 14:00:00,LONG,1.10321,1.10244,-7.7,-1.0,sl
2024-10-10 10:00:00,2024-10-10 11:00:00,LONG,1.09336,1.09369,3.3,0.64,trail
2024-10-10 14:00:00,2024-10-10 15:00:00,LONG,1.09371,1.09294,-7.7,-1.0,sl
2024-10-14 16:00:00,2024-10-14 17:00:00,LONG,1.09069,1.08999,-7.0,-1.0,sl
2024-10-16 15:00:00,2024-10-16 16:00:00,LONG,1.08797,1.08723,-7.4,-1.0,sl
2024-10-17 14:00:00,2024-10-17 16:00:00,LONG,1.08331,1.0824,-9.1,-1.0,sl
2024-10-21 16:00:00,2024-10-21 18:00:00,LONG,1.08199,1.08128,-7.1,-1.0,sl
2024-10-22 14:00:00,2024-10-22 18:00:00,LONG,1.08072,1.08002,-7.0,-1.0,sl
2024-10-23 09:00:00,2024-10-23 10:00:00,LONG,1.07881,1.0782,-6.1,-1.0,sl
2024-10-28 13:00:00,2024-10-28 14:00:00,SHORT,1.08154,1.08223,-6.9,-1.0,sl
2024-11-01 16:00:00,2024-11-01 17:00:00,LONG,1.08485,1.08388,-9.7,-1.0,sl
2024-11-01 20:00:00,2024-11-03 22:00:00,LONG,1.08359,1.08763,40.4,4.36,trail
2024-11-08 13:00:00,2024-11-08 14:00:00,LONG,1.07719,1.0761,-10.9,-1.0,sl
2024-11-13 08:00:00,2024-11-13 09:00:00,LONG,1.06029,1.0626,23.1,3.01,trail
2024-11-13 16:00:00,2024-11-13 17:00:00,LONG,1.05887,1.05743,-14.4,-1.0,sl
2024-11-18 11:00:00,2024-11-18 12:00:00,LONG,1.0548,1.05366,-11.4,-1.0,sl
2024-11-21 11:00:00,2024-11-21 12:00:00,LONG,1.05208,1.05311,10.3,1.13,trail
2024-11-21 17:00:00,2024-11-21 18:00:00,LONG,1.04741,1.04829,8.8,0.69,trail
2024-11-28 14:00:00,2024-11-28 15:00:00,LONG,1.05338,1.05513,17.5,1.55,trail
2024-11-29 17:00:00,2024-11-29 18:00:00,LONG,1.05465,1.05724,25.9,2.29,trail
2024-12-02 15:00:00,2024-12-02 16:00:00,LONG,1.04735,1.04907,17.2,1.24,trail
2024-12-04 09:00:00,2024-12-04 10:00:00,LONG,1.04911,1.05038,12.7,1.16,trail
2024-12-04 13:00:00,2024-12-04 14:00:00,LONG,1.0491,1.04798,-11.2,-1.0,sl
2024-12-09 17:00:00,2024-12-09 19:00:00,SHORT,1.05702,1.05572,13.0,1.17,trail
2024-12-12 16:00:00,2024-12-12 17:00:00,LONG,1.04727,1.05105,37.8,2.75,trail
2024-12-12 20:00:00,2024-12-13 04:00:00,LONG,1.04725,1.0458,-14.5,-1.0,sl
2024-12-16 15:00:00,2024-12-16 16:00:00,LONG,1.04827,1.05079,25.2,2.43,trail
2024-12-17 09:00:00,2024-12-17 10:00:00,LONG,1.0489,1.048,-9.0,-1.0,sl
2024-12-18 21:00:00,2024-12-18 22:00:00,LONG,1.0365,1.03496,-15.4,-1.0,sl
2024-12-23 13:00:00,2024-12-23 14:00:00,LONG,1.03954,1.04032,7.8,0.74,trail
2024-12-24 08:00:00,2024-12-24 09:00:00,LONG,1.03906,1.03951,4.5,0.62,trail
2024-12-24 17:00:00,2024-12-24 19:00:00,LONG,1.03875,1.03937,6.2,0.77,trail
2024-12-30 16:00:00,2024-12-30 17:00:00,LONG,1.03803,1.03893,9.0,0.74,trail
2024-12-31 14:00:00,2024-12-31 15:00:00,LONG,1.03929,1.0384,-8.9,-1.0,sl
2024-12-31 18:00:00,2025-01-02 03:00:00,LONG,1.03485,1.0374,25.5,2.5,tp
2025-01-02 16:00:00,2025-01-02 17:00:00,LONG,1.0274,1.02616,-12.4,-1.0,sl
2025-01-02 20:00:00,2025-01-03 07:00:00,LONG,1.02511,1.02839,32.8,2.5,tp
2025-01-06 08:00:00,2025-01-06 09:00:00,LONG,1.03274,1.03474,20.0,2.5,tp
2025-01-06 14:00:00,2025-01-06 15:00:00,SHORT,1.04168,1.03771,39.7,2.5,tp
2025-01-09 08:00:00,2025-01-09 09:00:00,LONG,1.0291,1.03133,22.3,2.66,trail
2025-01-10 14:00:00,2025-01-10 15:00:00,LONG,1.02563,1.02731,16.8,1.52,trail
2025-01-13 10:00:00,2025-01-13 12:00:00,LONG,1.01931,1.02001,7.0,0.59,trail
2025-01-16 15:00:00,2025-01-16 16:00:00,LONG,1.02791,1.03064,27.3,2.71,trail
2025-01-17 17:00:00,2025-01-17 19:00:00,LONG,1.02861,1.02753,-10.8,-1.0,sl
2025-01-20 13:00:00,2025-01-20 14:00:00,SHORT,1.032,1.03288,-8.8,-1.0,sl
2025-01-23 16:00:00,2025-01-23 17:00:00,LONG,1.03973,1.04333,36.0,3.96,trail
2025-01-29 08:00:00,2025-01-29 09:00:00,LONG,1.04168,1.04207,3.9,0.5,trail
2025-01-30 11:00:00,2025-01-30 12:00:00,LONG,1.04005,1.03915,-9.0,-1.0,sl
2025-02-07 13:00:00,2025-02-07 14:00:00,LONG,1.03741,1.03666,-7.5,-1.0,sl
2025-02-17 13:00:00,2025-02-17 15:00:00,LONG,1.04723,1.04796,7.3,0.82,trail
2025-02-19 09:00:00,2025-02-19 10:00:00,LONG,1.04403,1.04338,-6.5,-1.0,sl
2025-02-25 12:00:00,2025-02-25 13:00:00,LONG,1.04893,1.05055,16.2,1.98,trail
2025-02-28 19:00:00,2025-02-28 20:00:00,LONG,1.03634,1.03716,8.2,0.78,trail
2025-03-06 15:00:00,2025-03-06 16:00:00,LONG,1.08369,1.08199,-17.0,-1.0,sl
2025-03-10 09:00:00,2025-03-10 10:00:00,LONG,1.08099,1.08678,57.9,4.36,trail
2025-03-12 19:00:00,2025-03-13 06:00:00,LONG,1.08846,1.08712,-13.4,-1.0,sl
2025-03-13 12:00:00,2025-03-13 13:00:00,LONG,1.08559,1.08441,-11.8,-1.0,sl
2025-03-17 10:00:00,2025-03-17 11:00:00,LONG,1.08998,1.09069,7.1,0.71,trail
2025-03-21 15:00:00,2025-03-21 16:00:00,LONG,1.08237,1.08134,-10.3,-1.0,sl
2025-03-23 21:00:00,2025-03-23 22:00:00,LONG,1.0813,1.08243,11.3,1.07,trail
2025-03-24 12:00:00,2025-03-24 13:00:00,LONG,1.08323,1.0822,-10.3,-1.0,sl
2025-03-24 16:00:00,2025-03-24 18:00:00,LONG,1.07939,1.0807,13.1,1.1,trail
2025-03-25 12:00:00,2025-03-25 14:00:00,LONG,1.08178,1.08081,-9.7,-1.0,sl
2025-03-28 09:00:00,2025-03-28 10:00:00,LONG,1.07782,1.07695,-8.7,-1.0,sl
2025-03-31 15:00:00,2025-03-31 16:00:00,LONG,1.08018,1.08099,8.1,0.69,trail
2025-04-02 10:00:00,2025-04-02 11:00:00,LONG,1.0806,1.07983,-7.7,-1.0,sl
2025-04-04 15:00:00,2025-04-04 16:00:00,LONG,1.09861,1.10047,18.6,0.62,trail
2025-04-07 16:00:00,2025-04-07 17:00:00,LONG,1.09112,1.09347,23.5,0.77,trail
2025-04-09 19:00:00,2025-04-09 20:00:00,LONG,1.09637,1.09332,-30.5,-1.0,sl
2025-04-11 20:00:00,2025-04-14 01:00:00,LONG,1.13415,1.13907,49.2,1.36,trail
2025-04-14 17:00:00,2025-04-14 19:00:00,LONG,1.13307,1.13558,25.1,0.91,trail
2025-04-18 15:00:00,2025-04-18 16:00:00,LONG,1.1396,1.13868,-9.2,-1.0,sl
2025-04-21 10:00:00,2025-04-21 11:00:00,SHORT,1.15468,1.15212,25.6,1.54,trail
2025-04-23 21:00:00,2025-04-24 07:00:00,LONG,1.13122,1.13653,53.1,2.5,tp
2025-04-24 09:00:00,2025-04-24 12:00:00,LONG,1.13802,1.13631,-17.1,-1.0,sl
2025-04-28 15:00:00,2025-04-28 16:00:00,LONG,1.13784,1.142,41.6,2.5,tp
2025-04-30 16:00:00,2025-04-30 17:00:00,LONG,1.13482,1.13566,8.4,0.52,trail
2025-05-01 15:00:00,2025-05-01 22:00:00,LONG,1.12815,1.12912,9.7,0.63,trail
2025-05-05 17:00:00,2025-05-05 19:00:00,LONG,1.1302,1.13138,11.8,0.84,trail
2025-05-06 14:00:00,2025-05-06 15:00:00,LONG,1.13531,1.1339,-14.1,-1.0,sl
2025-05-08 16:00:00,2025-05-08 17:00:00,LONG,1.12477,1.12303,-17.4,-1.0,sl
2025-05-12 08:00:00,2025-05-12 09:00:00,LONG,1.11047,1.11327,28.0,1.58,trail
2025-05-13 13:00:00,2025-05-13 14:00:00,LONG,1.11305,1.11578,27.3,2.17,trail
2025-05-14 10:00:00,2025-05-14 11:00:00,LONG,1.12521,1.12384,-13.7,-1.0,sl
2025-05-19 11:00:00,2025-05-19 12:00:00,SHORT,1.12782,1.12634,14.8,1.05,trail
2025-05-20 08:00:00,2025-05-20 09:00:00,LONG,1.1276,1.12641,-11.9,-1.0,sl
2025-05-21 20:00:00,2025-05-22 00:00:00,LONG,1.13187,1.13364,17.7,1.26,trail
2025-05-27 08:00:00,2025-05-27 12:00:00,LONG,1.13407,1.13675,26.8,2.5,tp
2025-05-27 16:00:00,2025-05-28 02:00:00,LONG,1.13252,1.13137,-11.5,-1.0,sl
2025-06-03 10:00:00,2025-06-03 11:00:00,LONG,1.14116,1.14009,-10.7,-1.0,sl
2025-06-06 09:00:00,2025-06-06 12:00:00,LONG,1.14141,1.14038,-10.3,-1.0,sl
2025-06-13 11:00:00,2025-06-13 12:00:00,LONG,1.15047,1.15141,9.4,0.55,trail
2025-06-16 08:00:00,2025-06-16 13:00:00,LONG,1.15789,1.15977,18.8,1.31,trail
2025-06-19 20:00:00,2025-06-19 23:00:00,LONG,1.14974,1.15066,9.2,0.78,trail
2025-06-20 20:00:00,2025-06-22 21:00:00,LONG,1.15155,1.1505,-10.5,-1.0,sl
2025-06-23 10:00:00,2025-06-23 12:00:00,LONG,1.14718,1.14576,-14.2,-1.0,sl
2025-06-23 15:00:00,2025-06-23 16:00:00,SHORT,1.15308,1.15471,-16.3,-1.0,sl
2025-06-25 18:00:00,2025-06-25 23:00:00,LONG,1.16424,1.16705,28.1,2.5,tp
2025-06-27 13:00:00,2025-06-27 14:00:00,LONG,1.17469,1.17339,-13.0,-1.0,sl
2025-06-30 14:00:00,2025-06-30 15:00:00,LONG,1.17211,1.17494,28.3,2.5,tp
2025-07-03 12:00:00,2025-07-03 13:00:00,LONG,1.17848,1.17761,-8.7,-1.0,sl
2025-07-03 19:00:00,2025-07-04 05:00:00,LONG,1.17486,1.17812,32.6,2.5,tp
2025-07-07 09:00:00,2025-07-07 16:00:00,LONG,1.1724,1.17152,-8.8,-1.0,sl
2025-07-09 12:00:00,2025-07-09 13:00:00,LONG,1.16911,1.17173,26.2,2.58,trail
2025-07-09 16:00:00,2025-07-09 18:00:00,LONG,1.17062,1.17122,6.0,0.54,trail
2025-07-16 14:00:00,2025-07-16 15:00:00,LONG,1.15725,1.17162,143.7,14.48,trail
2025-07-17 12:00:00,2025-07-17 13:00:00,LONG,1.15743,1.1592,17.7,1.41,trail
2025-07-21 12:00:00,2025-07-21 13:00:00,LONG,1.16674,1.16584,-9.0,-1.0,sl
2025-07-22 10:00:00,2025-07-22 11:00:00,LONG,1.17052,1.16974,-7.8,-1.0,sl
2025-07-23 18:00:00,2025-07-24 09:00:00,LONG,1.17596,1.17488,-10.8,-1.0,sl
2025-08-01 09:00:00,2025-08-01 11:00:00,LONG,1.14063,1.14167,10.4,0.93,trail
2025-08-05 08:00:00,2025-08-05 09:00:00,LONG,1.15457,1.15339,-11.8,-1.0,sl
2025-08-10 21:00:00,2025-08-11 01:00:00,LONG,1.16444,1.16532,8.8,0.81,trail
2025-08-11 15:00:00,2025-08-11 16:00:00,LONG,1.15959,1.16064,10.5,0.98,trail
2025-08-12 13:00:00,2025-08-12 15:00:00,LONG,1.1642,1.16746,32.6,3.0,tp
2025-08-14 14:00:00,2025-08-14 15:00:00,LONG,1.16502,1.16393,-10.9,-1.0,sl
2025-08-18 09:00:00,2025-08-18 11:00:00,LONG,1.16821,1.16739,-8.2,-1.0,sl
2025-08-21 14:00:00,2025-08-21 15:00:00,LONG,1.16206,1.16101,-10.5,-1.0,sl
2025-08-21 20:00:00,2025-08-22 00:00:00,LONG,1.16047,1.16113,6.6,0.66,trail
2025-08-25 16:00:00,2025-08-25 17:00:00,LONG,1.16692,1.16582,-11.0,-1.0,sl
2025-08-28 12:00:00,2025-08-28 13:00:00,LONG,1.16665,1.16724,5.9,0.63,trail
2025-08-29 13:00:00,2025-08-29 14:00:00,LONG,1.16584,1.17009,42.5,5.13,trail
2025-09-04 15:00:00,2025-09-04 16:00:00,LONG,1.16347,1.1643,8.3,0.8,trail
2025-09-04 19:00:00,2025-09-04 23:00:00,LONG,1.16438,1.16527,8.9,0.9,trail
2025-09-08 13:00:00,2025-09-08 14:00:00,LONG,1.17377,1.17496,11.9,1.26,trail
2025-09-09 13:00:00,2025-09-09 14:00:00,LONG,1.17372,1.17579,20.7,2.18,trail
2025-09-11 12:00:00,2025-09-11 13:00:00,LONG,1.16836,1.17371,53.5,6.98,trail
2025-09-15 10:00:00,2025-09-15 11:00:00,LONG,1.17461,1.17591,13.0,1.69,trail
2025-09-15 17:00:00,2025-09-15 18:00:00,SHORT,1.1758,1.17665,-8.5,-1.0,sl
2025-09-19 09:00:00,2025-09-19 11:00:00,LONG,1.17608,1.17505,-10.3,-1.0,sl
2025-09-19 13:00:00,2025-09-19 14:00:00,LONG,1.1736,1.17627,26.7,2.56,trail
2025-09-22 08:00:00,2025-09-22 09:00:00,LONG,1.17482,1.17722,24.0,3.07,trail
2025-09-26 15:00:00,2025-09-26 17:00:00,LONG,1.16909,1.16966,5.7,0.56,trail
2025-10-03 09:00:00,2025-10-03 11:00:00,LONG,1.17399,1.17319,-8.0,-1.0,sl
2025-10-06 08:00:00,2025-10-06 11:00:00,LONG,1.16626,1.16736,11.0,1.06,trail
2025-10-09 16:00:00,2025-10-09 18:00:00,LONG,1.15587,1.15474,-11.3,-1.0,sl
2025-10-09 20:00:00,2025-10-10 00:00:00,LONG,1.15593,1.15651,5.8,0.53,trail
2025-10-13 15:00:00,2025-10-13 16:00:00,LONG,1.15612,1.15737,12.5,1.14,trail
2025-10-19 21:00:00,2025-10-19 22:00:00,LONG,1.16646,1.16553,-9.3,-1.0,sl
2025-10-20 14:00:00,2025-10-20 15:00:00,LONG,1.16489,1.16606,11.7,1.54,trail
2025-10-22 09:00:00,2025-10-22 10:00:00,LONG,1.15973,1.1591,-6.3,-1.0,sl
2025-10-24 08:00:00,2025-10-24 09:00:00,LONG,1.16179,1.16116,-6.3,-1.0,sl
2025-10-27 08:00:00,2025-10-27 09:00:00,LONG,1.16198,1.16364,16.6,2.46,trail
2025-10-31 13:00:00,2025-10-31 14:00:00,LONG,1.15554,1.1547,-8.4,-1.0,sl
2025-11-05 16:00:00,2025-11-05 19:00:00,LONG,1.14791,1.14836,4.5,0.58,trail
2025-11-06 20:00:00,2025-11-07 01:00:00,SHORT,1.15443,1.154,4.3,0.53,trail
2025-11-10 15:00:00,2025-11-10 16:00:00,LONG,1.15646,1.15566,-8.0,-1.0,sl
2025-11-12 14:00:00,2025-11-12 15:00:00,LONG,1.15719,1.15924,20.5,3.11,trail
2025-11-14 16:00:00,2025-11-14 20:00:00,LONG,1.1613,1.1618,5.0,0.5,trail
2025-11-17 14:00:00,2025-11-17 15:00:00,LONG,1.1591,1.15947,3.7,0.52,trail
2025-11-21 10:00:00,2025-11-21 11:00:00,LONG,1.1525,1.15174,-7.6,-1.0,sl
2025-11-21 16:00:00,2025-11-21 17:00:00,LONG,1.15028,1.15079,5.1,0.52,trail
2025-11-24 08:00:00,2025-11-24 09:00:00,LONG,1.1512,1.15309,18.9,2.68,trail
2025-11-27 13:00:00,2025-11-27 14:00:00,LONG,1.15829,1.15942,11.3,1.54,trail
2025-11-28 08:00:00,2025-11-28 09:00:00,LONG,1.15794,1.15732,-6.2,-1.0,sl
2025-12-01 12:00:00,2025-12-01 13:00:00,SHORT,1.16276,1.16355,-7.9,-1.0,sl
2025-12-04 09:00:00,2025-12-04 10:00:00,LONG,1.16766,1.16705,-6.1,-1.0,sl
2025-12-05 15:00:00,2025-12-05 16:00:00,LONG,1.16496,1.16432,-6.4,-1.0,sl
2025-12-08 14:00:00,2025-12-08 15:00:00,LONG,1.16483,1.16419,-6.4,-1.0,sl
2025-12-12 18:00:00,2025-12-12 19:00:00,LONG,1.17475,1.17395,-8.0,-1.0,sl
2025-12-15 13:00:00,2025-12-15 14:00:00,LONG,1.17529,1.17606,7.7,1.13,trail
2025-12-16 12:00:00,2025-12-16 13:00:00,LONG,1.1763,1.17913,28.3,4.31,trail
2025-12-19 16:00:00,2025-12-19 17:00:00,LONG,1.17096,1.17167,7.1,0.87,trail
2025-12-22 08:00:00,2025-12-22 09:00:00,LONG,1.17288,1.17331,4.3,0.65,trail
2025-12-22 16:00:00,2025-12-22 17:00:00,SHORT,1.17638,1.17527,11.1,1.49,trail
2025-12-24 16:00:00,2025-12-24 22:00:00,LONG,1.17781,1.17715,-6.6,-1.0,sl
2025-12-25 22:00:00,2025-12-25 23:00:00,LONG,1.17755,1.17817,6.2,1.22,trail
2025-12-29 17:00:00,2025-12-29 19:00:00,LONG,1.17559,1.17634,7.5,0.8,trail
2025-12-30 15:00:00,2025-12-30 16:00:00,LONG,1.17631,1.17565,-6.6,-1.0,sl
2025-12-31 15:00:00,2025-12-31 16:00:00,LONG,1.173,1.1745,15.0,1.95,trail
2026-01-02 11:00:00,2026-01-02 13:00:00,LONG,1.1721,1.17252,4.2,0.56,trail
2026-01-02 19:00:00,2026-01-04 22:00:00,LONG,1.1719,1.17105,-8.5,-1.0,sl
2026-01-05 13:00:00,2026-01-05 14:00:00,LONG,1.16708,1.16831,12.3,1.49,trail
2026-01-06 12:00:00,2026-01-06 13:00:00,LONG,1.17063,1.16986,-7.7,-1.0,sl
2026-01-08 14:00:00,2026-01-08 15:00:00,LONG,1.16625,1.16708,8.3,1.46,trail
2026-01-12 10:00:00,2026-01-12 13:00:00,SHORT,1.16817,1.16905,-8.8,-1.0,sl
2026-01-13 13:00:00,2026-01-13 14:00:00,LONG,1.1655,1.16699,14.9,2.26,trail
2026-01-14 14:00:00,2026-01-14 15:00:00,LONG,1.16498,1.16573,7.5,1.11,trail
2026-01-19 08:00:00,2026-01-19 09:00:00,SHORT,1.1626,1.16156,10.4,1.13,trail
2026-01-21 16:00:00,2026-01-21 19:00:00,LONG,1.17018,1.16912,-10.6,-1.0,sl
2026-01-23 14:00:00,2026-01-23 15:00:00,LONG,1.17339,1.17577,23.8,3.36,trail
2026-01-26 16:00:00,2026-01-26 17:00:00,LONG,1.18952,1.18816,-13.6,-1.0,sl
2026-01-29 16:00:00,2026-01-29 23:00:00,LONG,1.19292,1.19727,43.5,2.5,tp
2026-01-30 16:00:00,2026-01-30 17:00:00,LONG,1.18954,1.18786,-16.8,-1.0,sl
2026-02-02 16:00:00,2026-02-02 18:00:00,LONG,1.17922,1.17777,-14.5,-1.0,sl
2026-02-06 14:00:00,2026-02-06 15:00:00,LONG,1.18103,1.18203,10.0,1.35,trail
2026-02-09 08:00:00,2026-02-09 09:00:00,SHORT,1.18558,1.18636,-7.8,-1.0,sl
2026-02-09 16:00:00,2026-02-09 17:00:00,SHORT,1.19122,1.1902,10.2,1.05,trail
2026-02-13 16:00:00,2026-02-13 17:00:00,LONG,1.18483,1.18785,30.2,3.61,trail
2026-02-16 12:00:00,2026-02-16 13:00:00,LONG,1.1861,1.18547,-6.3,-1.0,sl
2026-02-20 16:00:00,2026-02-20 17:00:00,LONG,1.17881,1.1778,-10.1,-1.0,sl
2026-02-24 14:00:00,2026-02-24 15:00:00,LONG,1.1772,1.17769,4.9,0.6,trail
2026-02-27 17:00:00,2026-02-27 18:00:00,LONG,1.18219,1.1812,-9.9,-1.0,sl
2026-03-02 16:00:00,2026-03-02 17:00:00,LONG,1.168,1.16999,19.9,1.27,trail
2026-03-05 08:00:00,2026-03-05 09:00:00,LONG,1.16048,1.16383,33.5,2.68,trail
2026-03-06 12:00:00,2026-03-06 13:00:00,LONG,1.15625,1.15869,24.4,2.08,trail
2026-03-11 14:00:00,2026-03-11 15:00:00,LONG,1.15915,1.15791,-12.4,-1.0,sl
2026-03-12 15:00:00,2026-03-12 16:00:00,LONG,1.15204,1.15268,6.4,0.56,trail
2026-03-20 16:00:00,2026-03-23 06:00:00,LONG,1.1542,1.15287,-13.3,-1.0,sl
2026-03-23 08:00:00,2026-03-23 09:00:00,LONG,1.15271,1.15149,-12.2,-1.0,sl
2026-03-23 12:00:00,2026-03-23 13:00:00,SHORT,1.15561,1.15753,-19.2,-1.0,sl
2026-03-24 16:00:00,2026-03-24 17:00:00,LONG,1.15776,1.15622,-15.4,-1.0,sl
2026-03-26 08:00:00,2026-03-26 09:00:00,LONG,1.15536,1.15601,6.5,0.68,trail
2026-03-30 14:00:00,2026-03-30 15:00:00,LONG,1.14639,1.14543,-9.6,-1.0,sl
2026-04-03 15:00:00,2026-04-03 20:00:00,LONG,1.15208,1.15261,5.3,0.72,trail
2026-04-10 08:00:00,2026-04-10 09:00:00,LONG,1.16797,1.17072,27.5,3.67,trail
2026-04-10 13:00:00,2026-04-10 14:00:00,LONG,1.17208,1.17339,13.1,1.57,trail
2026-04-13 17:00:00,2026-04-13 18:00:00,SHORT,1.17251,1.17353,-10.2,-1.0,sl
2026-04-15 11:00:00,2026-04-15 12:00:00,LONG,1.17768,1.1789,12.2,1.62,trail
2026-04-16 08:00:00,2026-04-16 09:00:00,LONG,1.17916,1.17846,-7.0,-1.0,sl
2026-04-24 12:00:00,2026-04-24 13:00:00,LONG,1.17145,1.17065,-8.0,-1.0,sl
2026-04-26 21:00:00,2026-04-26 22:00:00,SHORT,1.16947,1.17025,-7.8,-1.0,sl
2026-04-27 13:00:00,2026-04-27 14:00:00,SHORT,1.17445,1.17371,7.4,0.95,trail
2026-04-29 10:00:00,2026-04-29 11:00:00,LONG,1.16975,1.17066,9.1,1.46,trail
2026-04-29 14:00:00,2026-04-29 15:00:00,LONG,1.16886,1.17004,11.8,1.62,trail
2026-05-04 12:00:00,2026-05-04 13:00:00,LONG,1.16932,1.17131,19.9,2.06,trail
2026-05-04 17:00:00,2026-05-04 18:00:00,LONG,1.16822,1.16926,10.4,0.98,trail
2026-05-07 08:00:00,2026-05-07 09:00:00,LONG,1.1767,1.17744,7.4,0.96,trail
2026-05-07 20:00:00,2026-05-07 21:00:00,LONG,1.17337,1.17247,-9.0,-1.0,sl
2026-05-14 12:00:00,2026-05-14 13:00:00,LONG,1.16995,1.16937,-5.8,-1.0,sl
2026-05-15 09:00:00,2026-05-15 10:00:00,LONG,1.1633,1.1652,19.0,2.83,trail
2026-05-18 12:00:00,2026-05-18 13:00:00,SHORT,1.16418,1.16495,-7.7,-1.0,sl
2026-05-20 08:00:00,2026-05-20 10:00:00,LONG,1.1593,1.15993,6.3,0.91,trail
2026-05-22 15:00:00,2026-05-22 16:00:00,LONG,1.15976,1.16069,9.3,1.12,trail
2026-05-26 15:00:00,2026-05-26 18:00:00,LONG,1.16248,1.16279,3.1,0.52,trail
2026-05-27 18:00:00,2026-05-27 23:00:00,LONG,1.16272,1.16199,-7.3,-1.0,sl
2026-06-01 13:00:00,2026-06-01 14:00:00,LONG,1.16471,1.16409,-6.2,-1.0,sl
2026-06-01 18:00:00,2026-06-01 19:00:00,SHORT,1.16347,1.16305,4.2,0.52,trail
2026-06-02 17:00:00,2026-06-02 18:00:00,LONG,1.16282,1.16217,-6.5,-1.0,sl
2026-06-03 11:00:00,2026-06-03 12:00:00,LONG,1.16164,1.16104,-6.0,-1.0,sl
2026-06-08 14:00:00,2026-06-08 18:00:00,LONG,1.15413,1.15317,-9.6,-1.0,sl
2026-06-11 14:00:00,2026-06-11 15:00:00,LONG,1.15296,1.15209,-8.7,-1.0,sl
2026-06-11 19:00:00,2026-06-11 20:00:00,SHORT,1.15578,1.15694,-11.6,-1.0,sl
2026-06-17 11:00:00,2026-06-17 12:00:00,LONG,1.1597,1.15912,-5.8,-1.0,sl
2026-06-18 11:00:00,2026-06-18 12:00:00,LONG,1.14608,1.14766,15.8,1.53,trail
2026-06-22 09:00:00,2026-06-22 10:00:00,LONG,1.14509,1.14595,8.6,1.09,trail
2026-06-22 14:00:00,2026-06-22 15:00:00,LONG,1.14285,1.14458,17.3,1.94,trail
2026-06-25 11:00:00,2026-06-25 12:00:00,LONG,1.13456,1.13605,14.9,1.79,trail
2026-06-26 10:00:00,2026-06-26 11:00:00,SHORT,1.14068,1.13981,8.7,0.97,trail
2026-07-05 21:00:00,2026-07-06 01:00:00,LONG,1.14378,1.14318,-6.0,-1.0,sl
2026-07-06 11:00:00,2026-07-06 12:00:00,LONG,1.14195,1.14133,-6.2,-1.0,sl
2026-07-07 16:00:00,2026-07-07 18:00:00,LONG,1.14229,1.14267,3.8,0.58,trail
2026-07-07 21:00:00,2026-07-07 22:00:00,LONG,1.14118,1.14053,-6.5,-1.0,sl
2026-07-15 12:00:00,2026-07-15 13:00:00,LONG,1.14118,1.1432,20.2,2.87,trail
2026-07-15 19:00:00,2026-07-16 07:00:00,SHORT,1.14664,1.14754,-9.0,-1.0,sl
